{
  "trades": 805,
  "wins": 2,
  "losses": 803,
  "win_rate": 0.002484472049689441,
  "net_pnl_usd": -80107.5,
  "avg_pnl_usd": -99.51242236024845,
  "avg_win_usd": 290.5,
  "avg_loss_usd": -100.48381070983811,
  "profit_factor": 0.007200530434944261
}