{
  "trades": 863,
  "wins": 6,
  "losses": 857,
  "win_rate": 0.006952491309385863,
  "net_pnl_usd": -38748.5,
  "avg_pnl_usd": -44.89976825028969,
  "avg_win_usd": 169.66666666666666,
  "avg_loss_usd": -46.40198366394399,
  "profit_factor": 0.025599436711805163
}