{
  "trades": 1902,
  "wins": 28,
  "losses": 1874,
  "win_rate": 0.014721345951629864,
  "net_pnl_usd": -176664.0,
  "avg_pnl_usd": -92.8832807570978,
  "avg_win_usd": 372.64285714285717,
  "avg_loss_usd": -99.83884738527215,
  "profit_factor": 0.0557675656607767
}